step,train_loss,dev_loss
200,1.0182629823684692,1.1865588549772899
400,0.9188418984413147,1.1332775123914083
600,1.7400426864624023,1.1009215311209362
800,1.151824951171875,1.0933929828802744
1000,1.1902060508728027,1.07072430173556
1200,0.6210029721260071,1.0576548027992247
1400,1.3458771705627441,1.0440827957789103
1600,0.6881594657897949,1.0250199739138286
1800,0.8634161353111267,1.0287280015150706
2000,1.094916820526123,1.0082355856895446
2200,0.6738653182983398,0.9926343977451324
2400,1.2661159038543701,0.9949337673187256
2600,0.47687214612960815,0.9985938354333241
2800,0.816644549369812,0.9865661752223969
3000,0.5201317667961121,0.9850709708531697
3200,1.3446389436721802,0.9837561198075613
3400,0.8165971636772156,0.9857956723372141
3600,0.9414166808128357,0.9813177756468455
3800,0.3774082362651825,0.9743871100743612
4000,0.6246392726898193,0.9731350247065226
4200,0.9189926385879517,0.9665674293041229
4400,0.7628103494644165,0.9751544066270192
4600,0.6047841310501099,0.9589294783274332
